phase,dataset,scene,method,trial,seed,status,success,trajectory_coverage,ate_rmse_m,rpe_rmse_m,protocol_tag,git_sha,git_dirty,config_sha256,manifest_sha256,bag_sha256,gt_sha256,model_sha256
legacy_holdout,viode,city_night_3_high,adaptive_arbitration,1,1001,ok,1,0.9813833275289864,0.348819,0.037931,p35-holdout-citynight-970fcf0,970fcf041e20d2dd7b70e5349fd1a8fdd4359460,False,3f9dc9e786ab3f540d17db3a4cb78b029d47fdb2a544f2265e54dd87661cd516,8cb43ce506f130e42168b507aa39e1e4f2d178d0991dc2158118cdc349e521d3,c367ddb37e3b2df79cd6cb83b28e61e88c70fe75e8d717314b4b6b124c19ada9,3fae909e89b2f369e59e8e9a0ab91618df2dfc3d36ff7dbd22331a2382be67d5,55ed65c56c91713d23e8402371c6c49a6fd84f257f7dce452e8d70e41dcbe152
legacy_holdout,viode,city_night_3_high,adaptive_arbitration,2,1002,ok,1,0.9813833275289864,0.349627,0.038006,p35-holdout-citynight-970fcf0,970fcf041e20d2dd7b70e5349fd1a8fdd4359460,False,aba9ec4e3f3c3f843699332bad36403c059115120d1c60d1f53a84ef5dc6a558,1e50f8a92fb6573fd45180c66630f1de64e8bded1e8c03c8e74cc58c72ab8491,c367ddb37e3b2df79cd6cb83b28e61e88c70fe75e8d717314b4b6b124c19ada9,3fae909e89b2f369e59e8e9a0ab91618df2dfc3d36ff7dbd22331a2382be67d5,55ed65c56c91713d23e8402371c6c49a6fd84f257f7dce452e8d70e41dcbe152
legacy_holdout,viode,city_night_3_high,adaptive_arbitration,3,1003,ok,1,0.9813833275289864,0.349412,0.037963,p35-holdout-citynight-970fcf0,970fcf041e20d2dd7b70e5349fd1a8fdd4359460,False,7f73b385dbc69d1070a0fea9cb5eac95ca6a94d51e09e78c6769240b726b46f8,b2b9eb4f5adef6a50ddae7bdc6b2942106924b9d40bf8924bf19e90c9470d296,c367ddb37e3b2df79cd6cb83b28e61e88c70fe75e8d717314b4b6b124c19ada9,3fae909e89b2f369e59e8e9a0ab91618df2dfc3d36ff7dbd22331a2382be67d5,55ed65c56c91713d23e8402371c6c49a6fd84f257f7dce452e8d70e41dcbe152
legacy_holdout,viode,city_night_3_high,adaptive_arbitration_v2,1,1001,ok,1,0.9813833275289864,0.332424,0.035263,p35-holdout-citynight-970fcf0,970fcf041e20d2dd7b70e5349fd1a8fdd4359460,False,16511b44861e629fe78347fe3daa6231be3f10d759af35a072cceb1df90b2d45,c8be8a146c9504a7e9fae593062f413e2993fdd19bb4edd7c93e32bf4ec746bc,c367ddb37e3b2df79cd6cb83b28e61e88c70fe75e8d717314b4b6b124c19ada9,3fae909e89b2f369e59e8e9a0ab91618df2dfc3d36ff7dbd22331a2382be67d5,55ed65c56c91713d23e8402371c6c49a6fd84f257f7dce452e8d70e41dcbe152
legacy_holdout,viode,city_night_3_high,adaptive_arbitration_v2,2,1002,ok,1,0.9813833275289864,0.332872,0.035257,p35-holdout-citynight-970fcf0,970fcf041e20d2dd7b70e5349fd1a8fdd4359460,False,5b96cfe78fbf137a3da5ad9695d83c8422f3039826ea8cf5e1d54837e5859aaf,bcfef65f1002c9637df8097a3e4aeeaba5dc4bfd36fb93b58f4d3133aba65dcb,c367ddb37e3b2df79cd6cb83b28e61e88c70fe75e8d717314b4b6b124c19ada9,3fae909e89b2f369e59e8e9a0ab91618df2dfc3d36ff7dbd22331a2382be67d5,55ed65c56c91713d23e8402371c6c49a6fd84f257f7dce452e8d70e41dcbe152
legacy_holdout,viode,city_night_3_high,adaptive_arbitration_v2,3,1003,ok,1,0.9813833275289864,0.333046,0.035419,p35-holdout-citynight-970fcf0,970fcf041e20d2dd7b70e5349fd1a8fdd4359460,False,1832bef9597783a929ded3006bd8c46edea293fcfbb71bd442b275cb60bb5990,153db7c461a0280e038bf5e32e5798dd4f9c004277e334dc423415e690ab4180,c367ddb37e3b2df79cd6cb83b28e61e88c70fe75e8d717314b4b6b124c19ada9,3fae909e89b2f369e59e8e9a0ab91618df2dfc3d36ff7dbd22331a2382be67d5,55ed65c56c91713d23e8402371c6c49a6fd84f257f7dce452e8d70e41dcbe152
legacy_holdout,viode,city_night_3_high,union_weight,1,1001,ok,1,0.9813833275289864,0.34665,0.035197,p35-holdout-citynight-970fcf0,970fcf041e20d2dd7b70e5349fd1a8fdd4359460,False,a1c10f2761da43364eb5184542504fb48853852a80123d6d3f7c23ee5c102c20,966b011abed4fe5a970d316ca7c0ba21ff5a584d19c611c1f567f2192540d548,c367ddb37e3b2df79cd6cb83b28e61e88c70fe75e8d717314b4b6b124c19ada9,3fae909e89b2f369e59e8e9a0ab91618df2dfc3d36ff7dbd22331a2382be67d5,55ed65c56c91713d23e8402371c6c49a6fd84f257f7dce452e8d70e41dcbe152
legacy_holdout,viode,city_night_3_high,union_weight,2,1002,ok,1,0.9813833275289864,0.346217,0.035185,p35-holdout-citynight-970fcf0,970fcf041e20d2dd7b70e5349fd1a8fdd4359460,False,d9e0cdceb417fa13c5d383c44c479c4e116159c9c2c4fb3a4ae67ecc66601c50,c00e9be3a1f2f3a9f0dd7eda3c0e956d0cf518266de9e361d082e49e73dd7e6a,c367ddb37e3b2df79cd6cb83b28e61e88c70fe75e8d717314b4b6b124c19ada9,3fae909e89b2f369e59e8e9a0ab91618df2dfc3d36ff7dbd22331a2382be67d5,55ed65c56c91713d23e8402371c6c49a6fd84f257f7dce452e8d70e41dcbe152
legacy_holdout,viode,city_night_3_high,union_weight,3,1003,ok,1,0.9813833275289864,0.34672,0.035201,p35-holdout-citynight-970fcf0,970fcf041e20d2dd7b70e5349fd1a8fdd4359460,False,a2d25058b5e3add6f3c05d22569358ceb446466fdc0a02b936fe0373417dee5f,b7dab52a6c97c59b834462c76b11d739565f3edf5c2fd702b945218aed06b3c0,c367ddb37e3b2df79cd6cb83b28e61e88c70fe75e8d717314b4b6b124c19ada9,3fae909e89b2f369e59e8e9a0ab91618df2dfc3d36ff7dbd22331a2382be67d5,55ed65c56c91713d23e8402371c6c49a6fd84f257f7dce452e8d70e41dcbe152
stage_a_n1,euroc,MH_03_medium,adaptive_arbitration,1,1001,ok,1,,0.259338,0.049822,p35-stagea-61f86ed,61f86edc8d1602db1ebb8ffa0a506242e4c683e4,False,4a362c838d4839f012f6988a1fc29a990bf21fa7f1a570b1fbce9947ec8b4734,5d378cbc4122aa0ce2c374a70b893d79115a33e150ed46467b67843e4d333d54,565fd3e1d90455c6fc11a25da4ddb425e4715bf4200aeb644440ed741061eaf4,589efd15d5287d061e2e42c057e573a546add79f2403f1173c10ba9e7e48eabb,55ed65c56c91713d23e8402371c6c49a6fd84f257f7dce452e8d70e41dcbe152
stage_a_n1,euroc,MH_03_medium,adaptive_arbitration_v2,1,1001,ok,1,,0.261363,0.050682,p35-stagea-61f86ed,61f86edc8d1602db1ebb8ffa0a506242e4c683e4,False,e507a5bf696b2e55d0624e925d24f80a45c3df7a02e07a9d18b6e8ccfc2ffaa0,bf915dd9275843e9d2632f73d955318620b6a8a8eaa097b1efc3e0c985053ec0,565fd3e1d90455c6fc11a25da4ddb425e4715bf4200aeb644440ed741061eaf4,589efd15d5287d061e2e42c057e573a546add79f2403f1173c10ba9e7e48eabb,55ed65c56c91713d23e8402371c6c49a6fd84f257f7dce452e8d70e41dcbe152
stage_a_n1,euroc,MH_03_medium,adaptive_arbitration_v2_f0,1,1001,ok,1,,0.261479,0.050501,p35-stagea-61f86ed,61f86edc8d1602db1ebb8ffa0a506242e4c683e4,False,c3efe3083cc68166fd2d03fb43063b6cc740b46035d62982126bb90db4d02a2c,da5b659fc05962ace2d8ca6f21c816e67416006399ea2946544f3753252af723,565fd3e1d90455c6fc11a25da4ddb425e4715bf4200aeb644440ed741061eaf4,589efd15d5287d061e2e42c057e573a546add79f2403f1173c10ba9e7e48eabb,55ed65c56c91713d23e8402371c6c49a6fd84f257f7dce452e8d70e41dcbe152
stage_a_n1,euroc,MH_03_medium,adaptive_arbitration_v2_f2,1,1001,ok,1,,0.260606,0.050589,p35-stagea-61f86ed,61f86edc8d1602db1ebb8ffa0a506242e4c683e4,False,f4f6d873a3f59afa4b1fcd837c43a76145acb42c04ae866a2521108ac950960c,e3f4342dd138b705bc6d67280e7ba08b1364ce65f357dad67ecb46c69d8abe7b,565fd3e1d90455c6fc11a25da4ddb425e4715bf4200aeb644440ed741061eaf4,589efd15d5287d061e2e42c057e573a546add79f2403f1173c10ba9e7e48eabb,55ed65c56c91713d23e8402371c6c49a6fd84f257f7dce452e8d70e41dcbe152
stage_a_n1,euroc,MH_03_medium,adaptive_arbitration_v2_g1,1,1001,ok,1,,0.261202,0.050635,p35-stagea-61f86ed,61f86edc8d1602db1ebb8ffa0a506242e4c683e4,False,2456e31df0ec78e64f25d675b866c640e2c75f3d9ee312588bf51436953427db,f937ffc1b1e305ae73e34de176e32ccdb9f02359ba799ef5946670e293273e61,565fd3e1d90455c6fc11a25da4ddb425e4715bf4200aeb644440ed741061eaf4,589efd15d5287d061e2e42c057e573a546add79f2403f1173c10ba9e7e48eabb,55ed65c56c91713d23e8402371c6c49a6fd84f257f7dce452e8d70e41dcbe152
stage_a_n1,euroc,MH_03_medium,adaptive_arbitration_v2_g3,1,1001,ok,1,,0.257426,0.050568,p35-stagea-61f86ed,61f86edc8d1602db1ebb8ffa0a506242e4c683e4,False,09fbbc6b61dae82aedc5357d546ca61b4bbd2f10ce7072f112af74b562d88795,e838d8cd8ab88c223a7066a8953abc27234d34b5148d9a5b769e6e1df3cb626f,565fd3e1d90455c6fc11a25da4ddb425e4715bf4200aeb644440ed741061eaf4,589efd15d5287d061e2e42c057e573a546add79f2403f1173c10ba9e7e48eabb,55ed65c56c91713d23e8402371c6c49a6fd84f257f7dce452e8d70e41dcbe152
stage_a_n1,euroc,MH_03_medium,union_weight,1,1001,ok,1,,0.259976,0.049718,p35-stagea-61f86ed,61f86edc8d1602db1ebb8ffa0a506242e4c683e4,False,fcfadc9eeaa93975b71006e0382fa17468fdeff9caa67eeb191fecc8c53ad641,a21df55dde99195f131c6016e3e4fca05674a887e998d300fee7ad484015ecc9,565fd3e1d90455c6fc11a25da4ddb425e4715bf4200aeb644440ed741061eaf4,589efd15d5287d061e2e42c057e573a546add79f2403f1173c10ba9e7e48eabb,55ed65c56c91713d23e8402371c6c49a6fd84f257f7dce452e8d70e41dcbe152
stage_a_n1,euroc,MH_04_difficult,adaptive_arbitration,1,1001,ok,1,,0.432812,0.065602,p35-stagea-61f86ed,61f86edc8d1602db1ebb8ffa0a506242e4c683e4,False,6cf0781adfae6c4f8d74c5674217b9396dd8666ada1fac52c4395f7d53711775,cfab2290f3a1484778cbba4d142446877bda716e1829240b6669b9bc2a5f1e1b,cbdd4e3124bd56a8fa8ed9dd885ce6fa096287094dca0c301adb5acd858d3d55,5639c79189c99a4ce72622378f07f5bc26e93ad368a010f00d48468f3884fec9,55ed65c56c91713d23e8402371c6c49a6fd84f257f7dce452e8d70e41dcbe152
stage_a_n1,euroc,MH_04_difficult,adaptive_arbitration_v2,1,1001,ok,1,,0.447773,0.06589,p35-stagea-61f86ed,61f86edc8d1602db1ebb8ffa0a506242e4c683e4,False,26808874c656bd7b892f6c2842e8cd09b38e687ec63b1f4fb2c198fab238c103,66e62af6b6e62158b8caca909d94efd99e51621eeab3e0f76e9fb67e0ffefac2,cbdd4e3124bd56a8fa8ed9dd885ce6fa096287094dca0c301adb5acd858d3d55,5639c79189c99a4ce72622378f07f5bc26e93ad368a010f00d48468f3884fec9,55ed65c56c91713d23e8402371c6c49a6fd84f257f7dce452e8d70e41dcbe152
stage_a_n1,euroc,MH_04_difficult,adaptive_arbitration_v2_f0,1,1001,ok,1,,0.424863,0.065736,p35-stagea-61f86ed,61f86edc8d1602db1ebb8ffa0a506242e4c683e4,False,b0d8131397a01052b1d16a8ae163f3c9385f2b18c388faed6f8ae613bd5f1685,a04644309064d3308dc22590b45de8bd6b1e9bfa7af15214ab6f753382ca481d,cbdd4e3124bd56a8fa8ed9dd885ce6fa096287094dca0c301adb5acd858d3d55,5639c79189c99a4ce72622378f07f5bc26e93ad368a010f00d48468f3884fec9,55ed65c56c91713d23e8402371c6c49a6fd84f257f7dce452e8d70e41dcbe152
stage_a_n1,euroc,MH_04_difficult,adaptive_arbitration_v2_f2,1,1001,ok,1,,0.447184,0.065844,p35-stagea-61f86ed,61f86edc8d1602db1ebb8ffa0a506242e4c683e4,False,c7907cd818847c566c48f188593af79cd9e7e81a53dc96b9f2fac761354cba06,a6bbbc70a3a2e56a7423a3893eab39a6c995a4837ecedea00e9704ab4d1f05f6,cbdd4e3124bd56a8fa8ed9dd885ce6fa096287094dca0c301adb5acd858d3d55,5639c79189c99a4ce72622378f07f5bc26e93ad368a010f00d48468f3884fec9,55ed65c56c91713d23e8402371c6c49a6fd84f257f7dce452e8d70e41dcbe152
stage_a_n1,euroc,MH_04_difficult,adaptive_arbitration_v2_g1,1,1001,ok,1,,0.447802,0.065887,p35-stagea-61f86ed,61f86edc8d1602db1ebb8ffa0a506242e4c683e4,False,3b81482c477be161718b89a6e47ef4b7a49bc19b58306ac295e8581a10a66410,cb74294dc3c738aca139f24154004d351c0a4972ab8d44a8a2117da0e5f0570a,cbdd4e3124bd56a8fa8ed9dd885ce6fa096287094dca0c301adb5acd858d3d55,5639c79189c99a4ce72622378f07f5bc26e93ad368a010f00d48468f3884fec9,55ed65c56c91713d23e8402371c6c49a6fd84f257f7dce452e8d70e41dcbe152
stage_a_n1,euroc,MH_04_difficult,adaptive_arbitration_v2_g3,1,1001,ok,1,,0.447797,0.065888,p35-stagea-61f86ed,61f86edc8d1602db1ebb8ffa0a506242e4c683e4,False,fece2a41c8e672f899ceed2810a76afecaf428a225b650dbdbecc18f52050ef1,eab19b6a7a234ef2a4ba37b8609f5a44284f8ee12239001079b5fcd00e749b86,cbdd4e3124bd56a8fa8ed9dd885ce6fa096287094dca0c301adb5acd858d3d55,5639c79189c99a4ce72622378f07f5bc26e93ad368a010f00d48468f3884fec9,55ed65c56c91713d23e8402371c6c49a6fd84f257f7dce452e8d70e41dcbe152
stage_a_n1,euroc,MH_04_difficult,union_weight,1,1001,ok,1,,0.46279,0.065883,p35-stagea-61f86ed,61f86edc8d1602db1ebb8ffa0a506242e4c683e4,False,5107493b64b82b809524117111ac7e2d17563bb87465598f34802bb7c9b4de0e,84cd96262ddfefc9a9377d18bb097c86a6e18c4fb9b9feee9bea9ad46628914e,cbdd4e3124bd56a8fa8ed9dd885ce6fa096287094dca0c301adb5acd858d3d55,5639c79189c99a4ce72622378f07f5bc26e93ad368a010f00d48468f3884fec9,55ed65c56c91713d23e8402371c6c49a6fd84f257f7dce452e8d70e41dcbe152
stage_a_n1,viode,city_day_2_mid,adaptive_arbitration,1,1001,ok,1,,0.164317,0.029066,p35-stagea-61f86ed,61f86edc8d1602db1ebb8ffa0a506242e4c683e4,False,83043053a354806ce2a66a13e4c5a236c5ba5967a04dc5e250dbfd98bfd5e492,907747888bd0a9797db884c5fe05ca76169228b6cbacdf6311beabc5d51a390f,941c99688d5f8adde8f793c3ae1edc962defde69ee35dd6f5358aac3ea566af9,976ff0ed6d1463c5f163ef2bfb83e4dcd6404281cab327fb223f7c702e61b569,55ed65c56c91713d23e8402371c6c49a6fd84f257f7dce452e8d70e41dcbe152
stage_a_n1,viode,city_day_2_mid,adaptive_arbitration_v2,1,1001,ok,1,,0.139402,0.027505,p35-stagea-61f86ed,61f86edc8d1602db1ebb8ffa0a506242e4c683e4,False,a1ff65b96b638e8b8fd4a64e8b7d6ba8793bbd7ff75ca24375a2214e346b11c0,45e19c939f0a7dc867f6ffafdbaa9cbf04f6ac5464e4007b068c734fd4b8421d,941c99688d5f8adde8f793c3ae1edc962defde69ee35dd6f5358aac3ea566af9,976ff0ed6d1463c5f163ef2bfb83e4dcd6404281cab327fb223f7c702e61b569,55ed65c56c91713d23e8402371c6c49a6fd84f257f7dce452e8d70e41dcbe152
stage_a_n1,viode,city_day_2_mid,adaptive_arbitration_v2_f0,1,1001,ok,1,,0.151783,0.028405,p35-stagea-61f86ed,61f86edc8d1602db1ebb8ffa0a506242e4c683e4,False,d223a16661800c2979b0c270d089e676c4fb3fb34e3450293b93281d83d0718b,521cb7f19069421d2729c3865fc7d37a41fb3eacefc3c43c5ac59e7173eaaaf1,941c99688d5f8adde8f793c3ae1edc962defde69ee35dd6f5358aac3ea566af9,976ff0ed6d1463c5f163ef2bfb83e4dcd6404281cab327fb223f7c702e61b569,55ed65c56c91713d23e8402371c6c49a6fd84f257f7dce452e8d70e41dcbe152
stage_a_n1,viode,city_day_2_mid,adaptive_arbitration_v2_f2,1,1001,ok,1,,0.152713,0.028474,p35-stagea-61f86ed,61f86edc8d1602db1ebb8ffa0a506242e4c683e4,False,813d7c5eb43e146de5811f03e8d963fb877115830d324340c2f8cea5f0f38205,9f507af92317203c2bd617786750666d1664fd5251ad43ef8ffd6c15b62f39e7,941c99688d5f8adde8f793c3ae1edc962defde69ee35dd6f5358aac3ea566af9,976ff0ed6d1463c5f163ef2bfb83e4dcd6404281cab327fb223f7c702e61b569,55ed65c56c91713d23e8402371c6c49a6fd84f257f7dce452e8d70e41dcbe152
stage_a_n1,viode,city_day_2_mid,adaptive_arbitration_v2_g1,1,1001,ok,1,,0.15129,0.02873,p35-stagea-61f86ed,61f86edc8d1602db1ebb8ffa0a506242e4c683e4,False,f70f005b102ddf5dcd3a5120253334b7b39ca54c5c57053cf539f87c9e5ee06c,a5aac55eb5a1f96faf90f2a2970b3e9cc1832e94975614e0b7496e000398f163,941c99688d5f8adde8f793c3ae1edc962defde69ee35dd6f5358aac3ea566af9,976ff0ed6d1463c5f163ef2bfb83e4dcd6404281cab327fb223f7c702e61b569,55ed65c56c91713d23e8402371c6c49a6fd84f257f7dce452e8d70e41dcbe152
stage_a_n1,viode,city_day_2_mid,adaptive_arbitration_v2_g3,1,1001,ok,1,,0.153774,0.027516,p35-stagea-61f86ed,61f86edc8d1602db1ebb8ffa0a506242e4c683e4,False,5bc990bbcb2e3127242abfb1e41502755731dbf59cae8c84dfb75a206ed0c459,5f03cc3e629bf96fe1716881dbd4c112d81d1016dd528ad78132a7cc5336e372,941c99688d5f8adde8f793c3ae1edc962defde69ee35dd6f5358aac3ea566af9,976ff0ed6d1463c5f163ef2bfb83e4dcd6404281cab327fb223f7c702e61b569,55ed65c56c91713d23e8402371c6c49a6fd84f257f7dce452e8d70e41dcbe152
stage_a_n1,viode,city_day_2_mid,union_weight,1,1001,ok,1,,0.178853,0.030244,p35-stagea-61f86ed,61f86edc8d1602db1ebb8ffa0a506242e4c683e4,False,af03ac1b093d2580d3ee5fcb901eb9cd0f6fe6c738e6ae9de5256025fdcb12fb,e2e06262a335c7d27c7bb5272db30ad68a58a1256a22fff051cfdc1238d1fefc,941c99688d5f8adde8f793c3ae1edc962defde69ee35dd6f5358aac3ea566af9,976ff0ed6d1463c5f163ef2bfb83e4dcd6404281cab327fb223f7c702e61b569,55ed65c56c91713d23e8402371c6c49a6fd84f257f7dce452e8d70e41dcbe152
stage_a_n1,viode,city_day_3_high,adaptive_arbitration,1,1001,ok,1,,0.252498,0.093267,p35-stagea-61f86ed,61f86edc8d1602db1ebb8ffa0a506242e4c683e4,False,d70017933a2cf29c8f45fc694d295f50c70635a4a449b5e2eaded3625ff5c2cf,908684205ed68d724d657ad09a9d4699ac9aae273a47c99160306fc63d92a30f,f9a125508f42574ec20c9d3ae883f0ce73665469787cca403f5576db78e62d4b,976ff0ed6d1463c5f163ef2bfb83e4dcd6404281cab327fb223f7c702e61b569,55ed65c56c91713d23e8402371c6c49a6fd84f257f7dce452e8d70e41dcbe152
stage_a_n1,viode,city_day_3_high,adaptive_arbitration_v2,1,1001,ok,1,,0.195755,0.077752,p35-stagea-61f86ed,61f86edc8d1602db1ebb8ffa0a506242e4c683e4,False,e9271e676454e0f6786c0a7911e2283b53bab07ccf572a059cb4530ef680a5ba,490e48c23daa7f6bd4b9fed2ccfad44e2a40db9e475abe25949f03a74139023b,f9a125508f42574ec20c9d3ae883f0ce73665469787cca403f5576db78e62d4b,976ff0ed6d1463c5f163ef2bfb83e4dcd6404281cab327fb223f7c702e61b569,55ed65c56c91713d23e8402371c6c49a6fd84f257f7dce452e8d70e41dcbe152
stage_a_n1,viode,city_day_3_high,adaptive_arbitration_v2_f0,1,1001,ok,1,,0.194976,0.07791,p35-stagea-61f86ed,61f86edc8d1602db1ebb8ffa0a506242e4c683e4,False,67b85e0290e7e983ee756bcf2a1c623f4b3954b1a4e91275ae78b4b8ed41dd02,53816b1567364a4cfccb3b3c2266ea3eb272d3808651f8c6c7b9a83d6ac104a6,f9a125508f42574ec20c9d3ae883f0ce73665469787cca403f5576db78e62d4b,976ff0ed6d1463c5f163ef2bfb83e4dcd6404281cab327fb223f7c702e61b569,55ed65c56c91713d23e8402371c6c49a6fd84f257f7dce452e8d70e41dcbe152
stage_a_n1,viode,city_day_3_high,adaptive_arbitration_v2_f2,1,1001,ok,1,,0.194776,0.07815,p35-stagea-61f86ed,61f86edc8d1602db1ebb8ffa0a506242e4c683e4,False,3a1b245775f01bb3c12f0bd61b921b2810fdaa39456cb3b8909f29ff032b80d9,ef684fdb6fe9006659d11bbcfd798428a75e4ec969a64a98c0ec41c5ce18034a,f9a125508f42574ec20c9d3ae883f0ce73665469787cca403f5576db78e62d4b,976ff0ed6d1463c5f163ef2bfb83e4dcd6404281cab327fb223f7c702e61b569,55ed65c56c91713d23e8402371c6c49a6fd84f257f7dce452e8d70e41dcbe152
stage_a_n1,viode,city_day_3_high,adaptive_arbitration_v2_g1,1,1001,ok,1,,0.196128,0.077763,p35-stagea-61f86ed,61f86edc8d1602db1ebb8ffa0a506242e4c683e4,False,0d17a2cd99bb0b9cc513cff60b4c13ca7bf7648c4f85bf69fb552d42ee6e7b76,ff3d32d2e8ec503e0c819a9cc6a576dfa619f1fc0d5174ec3569ea8e45cbfb4c,f9a125508f42574ec20c9d3ae883f0ce73665469787cca403f5576db78e62d4b,976ff0ed6d1463c5f163ef2bfb83e4dcd6404281cab327fb223f7c702e61b569,55ed65c56c91713d23e8402371c6c49a6fd84f257f7dce452e8d70e41dcbe152
stage_a_n1,viode,city_day_3_high,adaptive_arbitration_v2_g3,1,1001,ok,1,,0.19579,0.077766,p35-stagea-61f86ed,61f86edc8d1602db1ebb8ffa0a506242e4c683e4,False,766b65ef0ce7afcc0aa13f9898b100bd05a3be568f56051b1536a8015e264b88,c0d1c37671f8a711827dc174d121603158c93539a6160bf170784411ba85165d,f9a125508f42574ec20c9d3ae883f0ce73665469787cca403f5576db78e62d4b,976ff0ed6d1463c5f163ef2bfb83e4dcd6404281cab327fb223f7c702e61b569,55ed65c56c91713d23e8402371c6c49a6fd84f257f7dce452e8d70e41dcbe152
stage_a_n1,viode,city_day_3_high,union_weight,1,1001,ok,1,,0.23915,0.078341,p35-stagea-61f86ed,61f86edc8d1602db1ebb8ffa0a506242e4c683e4,False,0cdc00fd0b9c7cac0aa1ea514e63a399efc6e46ad2df1d879d6abc5bf0b863be,2b41157559386662bc024f86d448e8be22d843c14c53804bb328b9487dfc274d,f9a125508f42574ec20c9d3ae883f0ce73665469787cca403f5576db78e62d4b,976ff0ed6d1463c5f163ef2bfb83e4dcd6404281cab327fb223f7c702e61b569,55ed65c56c91713d23e8402371c6c49a6fd84f257f7dce452e8d70e41dcbe152
train,euroc,MH_03_medium,adaptive_arbitration,1,1001,ok,1,1.0,0.258626,0.049595,p35-stageb-970fcf0,970fcf041e20d2dd7b70e5349fd1a8fdd4359460,False,ebaeea69156dd54e9722d582f503420d253b0573ce91fc51b058c07f34d194ff,18f2f9186bd72d75995af77f84d0c50f76faa7b6bca1f82b8332a3ee78261242,565fd3e1d90455c6fc11a25da4ddb425e4715bf4200aeb644440ed741061eaf4,589efd15d5287d061e2e42c057e573a546add79f2403f1173c10ba9e7e48eabb,55ed65c56c91713d23e8402371c6c49a6fd84f257f7dce452e8d70e41dcbe152
train,euroc,MH_03_medium,adaptive_arbitration,2,1002,ok,1,1.0,0.258616,0.049596,p35-stageb-970fcf0,970fcf041e20d2dd7b70e5349fd1a8fdd4359460,False,40d292043c3b3d10dda41fd5938c49234ebd392472f918e97368b5b98a476e61,de850782f68a5b2e4b9361ba80e2f3254d40bfd8622a69a0077ed02c058d9876,565fd3e1d90455c6fc11a25da4ddb425e4715bf4200aeb644440ed741061eaf4,589efd15d5287d061e2e42c057e573a546add79f2403f1173c10ba9e7e48eabb,55ed65c56c91713d23e8402371c6c49a6fd84f257f7dce452e8d70e41dcbe152
train,euroc,MH_03_medium,adaptive_arbitration,3,1003,ok,1,1.0,0.25867,0.049592,p35-stageb-970fcf0,970fcf041e20d2dd7b70e5349fd1a8fdd4359460,False,ba5b4a4906a6c50c2ab1316d3d4e9b3befcb49229e2132953f2e17b32b22df6a,bb9afca0da387074d9808c0d0b13694cf885146a08ccab3801e8d755ec440b70,565fd3e1d90455c6fc11a25da4ddb425e4715bf4200aeb644440ed741061eaf4,589efd15d5287d061e2e42c057e573a546add79f2403f1173c10ba9e7e48eabb,55ed65c56c91713d23e8402371c6c49a6fd84f257f7dce452e8d70e41dcbe152
train,euroc,MH_03_medium,adaptive_arbitration_v2,1,1001,ok,1,1.0,0.256923,0.049738,p35-stageb-970fcf0,970fcf041e20d2dd7b70e5349fd1a8fdd4359460,False,7fe6e79fb1f6258624a6c5ec7f5e6862f8211b68e8f8dd2e8a8ffcfbe1a7d2ae,fab4f84c63e56bed1a09ff02e8b2356706ebed375f17b24b700eec447418d903,565fd3e1d90455c6fc11a25da4ddb425e4715bf4200aeb644440ed741061eaf4,589efd15d5287d061e2e42c057e573a546add79f2403f1173c10ba9e7e48eabb,55ed65c56c91713d23e8402371c6c49a6fd84f257f7dce452e8d70e41dcbe152
train,euroc,MH_03_medium,adaptive_arbitration_v2,2,1002,ok,1,1.0,0.256959,0.049834,p35-stageb-970fcf0,970fcf041e20d2dd7b70e5349fd1a8fdd4359460,False,036a0c5399427c6eea30fd61f48d98b34ef7acad18e45c4eede26c33fc6b5321,c9915ccc213fc90614cb922acc9fd22f09c8d75d32ea9dc8f5dba3104e48f86a,565fd3e1d90455c6fc11a25da4ddb425e4715bf4200aeb644440ed741061eaf4,589efd15d5287d061e2e42c057e573a546add79f2403f1173c10ba9e7e48eabb,55ed65c56c91713d23e8402371c6c49a6fd84f257f7dce452e8d70e41dcbe152
train,euroc,MH_03_medium,adaptive_arbitration_v2,3,1003,ok,1,1.0,0.256931,0.049722,p35-stageb-970fcf0,970fcf041e20d2dd7b70e5349fd1a8fdd4359460,False,1b9c7ffbaf18763dc96eba024a7eeb77c21086eebed945a383ca4e4235bce8d7,00ae2cfb055fd58e954f7ef4d784e612e7d8321b18626512a8235bd35a9091a0,565fd3e1d90455c6fc11a25da4ddb425e4715bf4200aeb644440ed741061eaf4,589efd15d5287d061e2e42c057e573a546add79f2403f1173c10ba9e7e48eabb,55ed65c56c91713d23e8402371c6c49a6fd84f257f7dce452e8d70e41dcbe152
train,euroc,MH_03_medium,adaptive_arbitration_v2,4,1004,ok,1,1.0,0.257125,0.049801,p35-stageb-970fcf0,970fcf041e20d2dd7b70e5349fd1a8fdd4359460,False,43a1c6f238c7112bda12e2576587ba00013b32c46d96f6524f140585fb4c30ec,80a5599faa851e80a84b93f9d4ef851a32dbe9aaa10e6a943954c063c52fd68e,565fd3e1d90455c6fc11a25da4ddb425e4715bf4200aeb644440ed741061eaf4,589efd15d5287d061e2e42c057e573a546add79f2403f1173c10ba9e7e48eabb,55ed65c56c91713d23e8402371c6c49a6fd84f257f7dce452e8d70e41dcbe152
train,euroc,MH_03_medium,adaptive_arbitration_v2,5,1005,ok,1,1.0,0.257132,0.049733,p35-stageb-970fcf0,970fcf041e20d2dd7b70e5349fd1a8fdd4359460,False,3d3fe6299219c8bbe1c1255f771b6395bcba989fca68ca3e3496c3b1bfc4cee4,f346b28f7d20225277114abd953897f6b6521ec7f6811f2f865193b391b0c22d,565fd3e1d90455c6fc11a25da4ddb425e4715bf4200aeb644440ed741061eaf4,589efd15d5287d061e2e42c057e573a546add79f2403f1173c10ba9e7e48eabb,55ed65c56c91713d23e8402371c6c49a6fd84f257f7dce452e8d70e41dcbe152
train,euroc,MH_03_medium,baseline,1,1001,ok,1,1.0,0.262697,0.049123,p35-stageb-970fcf0,970fcf041e20d2dd7b70e5349fd1a8fdd4359460,False,3df1bc66597288c8d4cc38f33988746017eae754ed23c48606cb0216e8b19901,5dd3620a934fb15720cf8f67cdfce82d9d92fa891d150bf57080dee6fb5f7e41,565fd3e1d90455c6fc11a25da4ddb425e4715bf4200aeb644440ed741061eaf4,589efd15d5287d061e2e42c057e573a546add79f2403f1173c10ba9e7e48eabb,55ed65c56c91713d23e8402371c6c49a6fd84f257f7dce452e8d70e41dcbe152
train,euroc,MH_03_medium,baseline,2,1002,ok,1,1.0,0.290961,0.049287,p35-stageb-970fcf0,970fcf041e20d2dd7b70e5349fd1a8fdd4359460,False,b78979020773652021894594be32cf35a0b80abc1780d778eab7b9a35b248b7e,b93c65ccc55a5a631ece251f33e3c5b0a233c85dd76fea2db57867ed337bd755,565fd3e1d90455c6fc11a25da4ddb425e4715bf4200aeb644440ed741061eaf4,589efd15d5287d061e2e42c057e573a546add79f2403f1173c10ba9e7e48eabb,55ed65c56c91713d23e8402371c6c49a6fd84f257f7dce452e8d70e41dcbe152
train,euroc,MH_03_medium,baseline,3,1003,ok,1,1.0,0.290563,0.049249,p35-stageb-970fcf0,970fcf041e20d2dd7b70e5349fd1a8fdd4359460,False,99eed5cf76be680d3c24206a1f2371d40a49831c97238693ebaf818dd7a6ee3b,0bec49952556547c4e64300b2c013a12c94c7bc417579749782062aec00bfa9d,565fd3e1d90455c6fc11a25da4ddb425e4715bf4200aeb644440ed741061eaf4,589efd15d5287d061e2e42c057e573a546add79f2403f1173c10ba9e7e48eabb,55ed65c56c91713d23e8402371c6c49a6fd84f257f7dce452e8d70e41dcbe152
train,euroc,MH_03_medium,geodf,1,1001,ok,1,1.0,0.270733,0.048985,p35-stageb-970fcf0,970fcf041e20d2dd7b70e5349fd1a8fdd4359460,False,919027501627c522c7fb0a07135ff59630e21350f2056e5a6d6f6e72b2cccc81,8900c76e4c8970bdd8814af92e6abc97dec6e5c3863b507d6f049fd84485ed6c,565fd3e1d90455c6fc11a25da4ddb425e4715bf4200aeb644440ed741061eaf4,589efd15d5287d061e2e42c057e573a546add79f2403f1173c10ba9e7e48eabb,55ed65c56c91713d23e8402371c6c49a6fd84f257f7dce452e8d70e41dcbe152
train,euroc,MH_03_medium,geodf,2,1002,ok,1,1.0,0.270603,0.048967,p35-stageb-970fcf0,970fcf041e20d2dd7b70e5349fd1a8fdd4359460,False,7e6e3c4b4075ea9adc149d11806f17b387c6f3003c74583c62efeacdbc42e4fb,0fb571c4a04e15027aa9c317dde7ddc0e4155daae9507b36315cd71c82f57b4f,565fd3e1d90455c6fc11a25da4ddb425e4715bf4200aeb644440ed741061eaf4,589efd15d5287d061e2e42c057e573a546add79f2403f1173c10ba9e7e48eabb,55ed65c56c91713d23e8402371c6c49a6fd84f257f7dce452e8d70e41dcbe152
train,euroc,MH_03_medium,geodf,3,1003,ok,1,1.0,0.270401,0.048906,p35-stageb-970fcf0,970fcf041e20d2dd7b70e5349fd1a8fdd4359460,False,561ca616bece55a8b9f7fff20196112491d3cd041521e733da2312354898471a,2db5babdd307e9503bc87072cab4b2c255ce545131f189e604e66c753c8cdf35,565fd3e1d90455c6fc11a25da4ddb425e4715bf4200aeb644440ed741061eaf4,589efd15d5287d061e2e42c057e573a546add79f2403f1173c10ba9e7e48eabb,55ed65c56c91713d23e8402371c6c49a6fd84f257f7dce452e8d70e41dcbe152
train,euroc,MH_03_medium,semantic,1,1001,ok,1,1.0,0.259232,0.049701,p35-stageb-970fcf0,970fcf041e20d2dd7b70e5349fd1a8fdd4359460,False,cfd3e3545165aeb7abbbb3430a0f22c1e0b001914dadd8a3f788e7e1f509e229,f8f9a46691a24f67c727364f486bef91a55ad8a1ae09b07c290cbcb715ab7c40,565fd3e1d90455c6fc11a25da4ddb425e4715bf4200aeb644440ed741061eaf4,589efd15d5287d061e2e42c057e573a546add79f2403f1173c10ba9e7e48eabb,55ed65c56c91713d23e8402371c6c49a6fd84f257f7dce452e8d70e41dcbe152
train,euroc,MH_03_medium,semantic,2,1002,ok,1,1.0,0.2593,0.049728,p35-stageb-970fcf0,970fcf041e20d2dd7b70e5349fd1a8fdd4359460,False,0e0ed32cae09c37366780e9c5fa902fe8c8ff778feae17792a83d0427d80b7c0,a945aec5ae406e65351084a0d165cf0c3e5b8177166cbc119e2b31733dc77940,565fd3e1d90455c6fc11a25da4ddb425e4715bf4200aeb644440ed741061eaf4,589efd15d5287d061e2e42c057e573a546add79f2403f1173c10ba9e7e48eabb,55ed65c56c91713d23e8402371c6c49a6fd84f257f7dce452e8d70e41dcbe152
train,euroc,MH_03_medium,semantic,3,1003,ok,1,1.0,0.252613,0.049257,p35-stageb-970fcf0,970fcf041e20d2dd7b70e5349fd1a8fdd4359460,False,a83fdb670f9aca72fca0983bf011fa5f7281c49cc313cba4369acf932ce347d1,24e1ba723ed95e0eeae93c2747647364b8d933fdd3fad5175b637c36bc664416,565fd3e1d90455c6fc11a25da4ddb425e4715bf4200aeb644440ed741061eaf4,589efd15d5287d061e2e42c057e573a546add79f2403f1173c10ba9e7e48eabb,55ed65c56c91713d23e8402371c6c49a6fd84f257f7dce452e8d70e41dcbe152
train,euroc,MH_03_medium,union_noweight,1,1001,ok,1,1.0,0.2759,0.050176,p35-stageb-970fcf0,970fcf041e20d2dd7b70e5349fd1a8fdd4359460,False,47a150bfb49466ef89547191b11937df26b8ca46e9960f3aafb619ff8607dae7,1cac58d431a70486c081e89d8aaf471e4b6ddd737f5693474d88135d51ee78ae,565fd3e1d90455c6fc11a25da4ddb425e4715bf4200aeb644440ed741061eaf4,589efd15d5287d061e2e42c057e573a546add79f2403f1173c10ba9e7e48eabb,55ed65c56c91713d23e8402371c6c49a6fd84f257f7dce452e8d70e41dcbe152
train,euroc,MH_03_medium,union_noweight,2,1002,ok,1,1.0,0.275824,0.050145,p35-stageb-970fcf0,970fcf041e20d2dd7b70e5349fd1a8fdd4359460,False,1c3a388748c44b89aff873108883dd12e4b0b092bf2f4647c43880fc4ae5d818,10e1e567c16f35313a65785a7af296585dfa5a3135d48c5c0d61c191884ac979,565fd3e1d90455c6fc11a25da4ddb425e4715bf4200aeb644440ed741061eaf4,589efd15d5287d061e2e42c057e573a546add79f2403f1173c10ba9e7e48eabb,55ed65c56c91713d23e8402371c6c49a6fd84f257f7dce452e8d70e41dcbe152
train,euroc,MH_03_medium,union_noweight,3,1003,ok,1,1.0,0.27594,0.050164,p35-stageb-970fcf0,970fcf041e20d2dd7b70e5349fd1a8fdd4359460,False,493c5826dce330da555178ae53891808c2701523983180d8ad83d1c3e0f57259,5f1455995b5e3ec4123aff430670a7a7c21893cf49f7754f5f0ef9c63197b5a3,565fd3e1d90455c6fc11a25da4ddb425e4715bf4200aeb644440ed741061eaf4,589efd15d5287d061e2e42c057e573a546add79f2403f1173c10ba9e7e48eabb,55ed65c56c91713d23e8402371c6c49a6fd84f257f7dce452e8d70e41dcbe152
train,euroc,MH_03_medium,union_weight,1,1001,ok,1,1.0,0.256907,0.049318,p35-stageb-970fcf0,970fcf041e20d2dd7b70e5349fd1a8fdd4359460,False,dc777bfc50eda3edd14d838ad77b9829c2d4f23675e3ef527b1e143a2cac6958,80346efd124bee720029638fd7cabe343eb95a0f93887a2d6fe2d5c93cc0773b,565fd3e1d90455c6fc11a25da4ddb425e4715bf4200aeb644440ed741061eaf4,589efd15d5287d061e2e42c057e573a546add79f2403f1173c10ba9e7e48eabb,55ed65c56c91713d23e8402371c6c49a6fd84f257f7dce452e8d70e41dcbe152
train,euroc,MH_03_medium,union_weight,2,1002,ok,1,1.0,0.256911,0.049319,p35-stageb-970fcf0,970fcf041e20d2dd7b70e5349fd1a8fdd4359460,False,e17249cda832a749f8c2978f8845ee35c768a95796eecb68e0179ec53e04e8fd,e44b2c8732f8cba3151573ac2aba021b9c5f64f087195e8d774b58eb61fce454,565fd3e1d90455c6fc11a25da4ddb425e4715bf4200aeb644440ed741061eaf4,589efd15d5287d061e2e42c057e573a546add79f2403f1173c10ba9e7e48eabb,55ed65c56c91713d23e8402371c6c49a6fd84f257f7dce452e8d70e41dcbe152
train,euroc,MH_03_medium,union_weight,3,1003,ok,1,1.0,0.256875,0.049314,p35-stageb-970fcf0,970fcf041e20d2dd7b70e5349fd1a8fdd4359460,False,e87c7cd526b11e5c80ffddd77008aeed779b2b1832a60812377379498fed91b6,fcf1ffb4e22b8ec43773fc19cba97435f12816954c935970a5bebb06b8550546,565fd3e1d90455c6fc11a25da4ddb425e4715bf4200aeb644440ed741061eaf4,589efd15d5287d061e2e42c057e573a546add79f2403f1173c10ba9e7e48eabb,55ed65c56c91713d23e8402371c6c49a6fd84f257f7dce452e8d70e41dcbe152
train,euroc,MH_03_medium,union_weight,4,1004,ok,1,1.0,0.256915,0.04932,p35-stageb-970fcf0,970fcf041e20d2dd7b70e5349fd1a8fdd4359460,False,91b8fb6df598471e891932d3dace2f0a3c55e4c84874e0e1d4afe9c8e60aaee8,84d92bab015ac8269110af95d0159dd53164ac86d6b2ea094467439a0815a10a,565fd3e1d90455c6fc11a25da4ddb425e4715bf4200aeb644440ed741061eaf4,589efd15d5287d061e2e42c057e573a546add79f2403f1173c10ba9e7e48eabb,55ed65c56c91713d23e8402371c6c49a6fd84f257f7dce452e8d70e41dcbe152
train,euroc,MH_03_medium,union_weight,5,1005,ok,1,1.0,0.256932,0.049327,p35-stageb-970fcf0,970fcf041e20d2dd7b70e5349fd1a8fdd4359460,False,5beae161673abc72aa6a635845126cb01b45c2e0ad1df29e8eb1540f544e44c4,d4d6373437640d3a36309feaf664c750430c88f12d764acfde8c9516d011574d,565fd3e1d90455c6fc11a25da4ddb425e4715bf4200aeb644440ed741061eaf4,589efd15d5287d061e2e42c057e573a546add79f2403f1173c10ba9e7e48eabb,55ed65c56c91713d23e8402371c6c49a6fd84f257f7dce452e8d70e41dcbe152
train,euroc,MH_04_difficult,adaptive_arbitration,1,1001,ok,1,1.0,0.432856,0.065601,p35-stageb-970fcf0,970fcf041e20d2dd7b70e5349fd1a8fdd4359460,False,2ab3a8763b8c9b32654a967735ff86214ef79d27632e0c42214234d05770e6e8,ba9107fce1f9829644368d54c95650e3a491e36d1854cac5c565b8cea38daa05,cbdd4e3124bd56a8fa8ed9dd885ce6fa096287094dca0c301adb5acd858d3d55,5639c79189c99a4ce72622378f07f5bc26e93ad368a010f00d48468f3884fec9,55ed65c56c91713d23e8402371c6c49a6fd84f257f7dce452e8d70e41dcbe152
train,euroc,MH_04_difficult,adaptive_arbitration,2,1002,ok,1,1.0,0.432845,0.065601,p35-stageb-970fcf0,970fcf041e20d2dd7b70e5349fd1a8fdd4359460,False,b37ca8452d0df9c1f688924a147b8f33000e6aea8da493ac9b7cb28021c73f96,e4466614f0c45a2186fee0449bcf1d56839c58621d810d34d2ec7bb76a189f0c,cbdd4e3124bd56a8fa8ed9dd885ce6fa096287094dca0c301adb5acd858d3d55,5639c79189c99a4ce72622378f07f5bc26e93ad368a010f00d48468f3884fec9,55ed65c56c91713d23e8402371c6c49a6fd84f257f7dce452e8d70e41dcbe152
train,euroc,MH_04_difficult,adaptive_arbitration,3,1003,ok,1,1.0,0.432856,0.0656,p35-stageb-970fcf0,970fcf041e20d2dd7b70e5349fd1a8fdd4359460,False,e4f7e7028af94747d030f62a925ac3daa48496225443a32eac0a73ad62f32268,9a62be7f58cd201ca9bc9f12f11d8b94d3095f1c236c71b4f9135909523b09d0,cbdd4e3124bd56a8fa8ed9dd885ce6fa096287094dca0c301adb5acd858d3d55,5639c79189c99a4ce72622378f07f5bc26e93ad368a010f00d48468f3884fec9,55ed65c56c91713d23e8402371c6c49a6fd84f257f7dce452e8d70e41dcbe152
train,euroc,MH_04_difficult,adaptive_arbitration_v2,1,1001,ok,1,1.0,0.447793,0.065882,p35-stageb-970fcf0,970fcf041e20d2dd7b70e5349fd1a8fdd4359460,False,4de10789fd8d597f72fa6c1da5132a5d404a1e68670bfb5e92721f8b18ed892d,16589f2f3c53b08dcbe982b9b6a506e962c817c8d5437eee1c663747a811fac3,cbdd4e3124bd56a8fa8ed9dd885ce6fa096287094dca0c301adb5acd858d3d55,5639c79189c99a4ce72622378f07f5bc26e93ad368a010f00d48468f3884fec9,55ed65c56c91713d23e8402371c6c49a6fd84f257f7dce452e8d70e41dcbe152
train,euroc,MH_04_difficult,adaptive_arbitration_v2,2,1002,ok,1,1.0,0.447796,0.065887,p35-stageb-970fcf0,970fcf041e20d2dd7b70e5349fd1a8fdd4359460,False,1e2a25ee4eb696a48aa63ac09719a7c7f591440edc31ced1012ac32fa6d8d815,ee652e2feaf3105836c99c0879dff1e60c7fae8fd69dbf8c5d17baf46be6d5a8,cbdd4e3124bd56a8fa8ed9dd885ce6fa096287094dca0c301adb5acd858d3d55,5639c79189c99a4ce72622378f07f5bc26e93ad368a010f00d48468f3884fec9,55ed65c56c91713d23e8402371c6c49a6fd84f257f7dce452e8d70e41dcbe152
train,euroc,MH_04_difficult,adaptive_arbitration_v2,3,1003,ok,1,1.0,0.425233,0.065736,p35-stageb-970fcf0,970fcf041e20d2dd7b70e5349fd1a8fdd4359460,False,d1254cb5f5796d5c54fe25a839692617d4d5615ed6bdfeff65ca7addd47f9edd,1515544bf438a59bf3b08c54d73c9ec0ac3bf95be0c66e515f8b8ae58973e0fa,cbdd4e3124bd56a8fa8ed9dd885ce6fa096287094dca0c301adb5acd858d3d55,5639c79189c99a4ce72622378f07f5bc26e93ad368a010f00d48468f3884fec9,55ed65c56c91713d23e8402371c6c49a6fd84f257f7dce452e8d70e41dcbe152
train,euroc,MH_04_difficult,adaptive_arbitration_v2,4,1004,ok,1,1.0,0.450069,0.06559,p35-stageb-970fcf0,970fcf041e20d2dd7b70e5349fd1a8fdd4359460,False,c924580659c8169b16669dd3dfed2d19db5d49809b7824be35c9c50c4d77852d,ce2cfcbc91ba7511d3954466fc022b6cbe599b54157775ca12f7b9bf47ea92f8,cbdd4e3124bd56a8fa8ed9dd885ce6fa096287094dca0c301adb5acd858d3d55,5639c79189c99a4ce72622378f07f5bc26e93ad368a010f00d48468f3884fec9,55ed65c56c91713d23e8402371c6c49a6fd84f257f7dce452e8d70e41dcbe152
train,euroc,MH_04_difficult,adaptive_arbitration_v2,5,1005,ok,1,1.0,0.448661,0.065939,p35-stageb-970fcf0,970fcf041e20d2dd7b70e5349fd1a8fdd4359460,False,e98c2a79a9ab824c9f517fb39aaff2c32d4016724bcc929cfb666b33f29e3af1,230210d55d4b78e7a61be5387cadbcf70c040b7eed6c765a4b92ab4b936cc7f6,cbdd4e3124bd56a8fa8ed9dd885ce6fa096287094dca0c301adb5acd858d3d55,5639c79189c99a4ce72622378f07f5bc26e93ad368a010f00d48468f3884fec9,55ed65c56c91713d23e8402371c6c49a6fd84f257f7dce452e8d70e41dcbe152
train,euroc,MH_04_difficult,baseline,1,1001,ok,1,1.0,0.44926,0.065238,p35-stageb-970fcf0,970fcf041e20d2dd7b70e5349fd1a8fdd4359460,False,bbe992312e89c1350ce1504826e0cba2e20fbcae2cb984971611f771fe19b7a9,4f149d7f7e3dbf499587e5f5f52f5011862988c272eec582056c90c393184efb,cbdd4e3124bd56a8fa8ed9dd885ce6fa096287094dca0c301adb5acd858d3d55,5639c79189c99a4ce72622378f07f5bc26e93ad368a010f00d48468f3884fec9,55ed65c56c91713d23e8402371c6c49a6fd84f257f7dce452e8d70e41dcbe152
train,euroc,MH_04_difficult,baseline,2,1002,ok,1,1.0,0.44926,0.065243,p35-stageb-970fcf0,970fcf041e20d2dd7b70e5349fd1a8fdd4359460,False,3df7405884dd5d60871defad61293e9b5658bbf0deabb5832f1aa8a816d03ed7,8298b0ec81e3d7d4124c074d91dca40c904c76ab02466b2b06ea9eb7ef5a58a9,cbdd4e3124bd56a8fa8ed9dd885ce6fa096287094dca0c301adb5acd858d3d55,5639c79189c99a4ce72622378f07f5bc26e93ad368a010f00d48468f3884fec9,55ed65c56c91713d23e8402371c6c49a6fd84f257f7dce452e8d70e41dcbe152
train,euroc,MH_04_difficult,baseline,3,1003,ok,1,1.0,0.44926,0.065253,p35-stageb-970fcf0,970fcf041e20d2dd7b70e5349fd1a8fdd4359460,False,ddfa2a23aa0c263bec8055ae3103db78213945835f781061b00f5e20d5200a83,f6fbfdc8193ec4adf8682034989b269e0b7d8d6e7b8edf1b0110d9ce547982d6,cbdd4e3124bd56a8fa8ed9dd885ce6fa096287094dca0c301adb5acd858d3d55,5639c79189c99a4ce72622378f07f5bc26e93ad368a010f00d48468f3884fec9,55ed65c56c91713d23e8402371c6c49a6fd84f257f7dce452e8d70e41dcbe152
train,euroc,MH_04_difficult,geodf,1,1001,ok,1,1.0,0.445695,0.065229,p35-stageb-970fcf0,970fcf041e20d2dd7b70e5349fd1a8fdd4359460,False,8575c030d5423f4f701b9c214cf163645a08977ce81299888453ccd5b3c17804,d7d3a67ccb2925f2061dc51de65bc14be3f80e9a47d9bee7d52f28df077a5b0a,cbdd4e3124bd56a8fa8ed9dd885ce6fa096287094dca0c301adb5acd858d3d55,5639c79189c99a4ce72622378f07f5bc26e93ad368a010f00d48468f3884fec9,55ed65c56c91713d23e8402371c6c49a6fd84f257f7dce452e8d70e41dcbe152
train,euroc,MH_04_difficult,geodf,2,1002,ok,1,1.0,0.445692,0.065229,p35-stageb-970fcf0,970fcf041e20d2dd7b70e5349fd1a8fdd4359460,False,39dfe734da53c8a7d049bead27e83e4b44bf08fb363ae2707de54d22a7955397,60163a8271bc7dd86fa3cda5f5b261abfb528f8f0934cef69293782e66aaa697,cbdd4e3124bd56a8fa8ed9dd885ce6fa096287094dca0c301adb5acd858d3d55,5639c79189c99a4ce72622378f07f5bc26e93ad368a010f00d48468f3884fec9,55ed65c56c91713d23e8402371c6c49a6fd84f257f7dce452e8d70e41dcbe152
train,euroc,MH_04_difficult,geodf,3,1003,ok,1,1.0,0.445695,0.065229,p35-stageb-970fcf0,970fcf041e20d2dd7b70e5349fd1a8fdd4359460,False,42a0382a2e5fe1b65a754d390c911d409fe444ac653669890654ff8796f305ef,84ec2945bb586a54134fb52af9774afe260c79764bb19d3dc92da3b820f7dccd,cbdd4e3124bd56a8fa8ed9dd885ce6fa096287094dca0c301adb5acd858d3d55,5639c79189c99a4ce72622378f07f5bc26e93ad368a010f00d48468f3884fec9,55ed65c56c91713d23e8402371c6c49a6fd84f257f7dce452e8d70e41dcbe152
train,euroc,MH_04_difficult,semantic,1,1001,ok,1,1.0,0.451956,0.065933,p35-stageb-970fcf0,970fcf041e20d2dd7b70e5349fd1a8fdd4359460,False,c7b0446b6061789532e551c104de4146ea72d1c70b3d7f8b9a764c18dd417e02,b3421d9c35c33d80ec25a644b726a06cbe5b84b0af54b593994678499dc4ff17,cbdd4e3124bd56a8fa8ed9dd885ce6fa096287094dca0c301adb5acd858d3d55,5639c79189c99a4ce72622378f07f5bc26e93ad368a010f00d48468f3884fec9,55ed65c56c91713d23e8402371c6c49a6fd84f257f7dce452e8d70e41dcbe152
train,euroc,MH_04_difficult,semantic,2,1002,ok,1,1.0,0.451955,0.065933,p35-stageb-970fcf0,970fcf041e20d2dd7b70e5349fd1a8fdd4359460,False,6a6ef9398ae4da015a339e51589b65b72d5631a3c0858ec5357b2adfa79978ae,5768a837f68b353e45c1cfb39cb1f596f714c7e20d50d0df567f0b7cd95e5c6a,cbdd4e3124bd56a8fa8ed9dd885ce6fa096287094dca0c301adb5acd858d3d55,5639c79189c99a4ce72622378f07f5bc26e93ad368a010f00d48468f3884fec9,55ed65c56c91713d23e8402371c6c49a6fd84f257f7dce452e8d70e41dcbe152
train,euroc,MH_04_difficult,semantic,3,1003,ok,1,1.0,0.451954,0.065936,p35-stageb-970fcf0,970fcf041e20d2dd7b70e5349fd1a8fdd4359460,False,5043c353f6538e81c8149e50f6528b49d89ff6f868a8d7549b721119d78e8c6b,f332447e5f0e51bbcda4ebae40a3106bf3e1c41ef960a4a2e7ff50a0a2abbbf3,cbdd4e3124bd56a8fa8ed9dd885ce6fa096287094dca0c301adb5acd858d3d55,5639c79189c99a4ce72622378f07f5bc26e93ad368a010f00d48468f3884fec9,55ed65c56c91713d23e8402371c6c49a6fd84f257f7dce452e8d70e41dcbe152
train,euroc,MH_04_difficult,union_noweight,1,1001,ok,1,1.0,0.451399,0.065928,p35-stageb-970fcf0,970fcf041e20d2dd7b70e5349fd1a8fdd4359460,False,f8b79c21d181a72a4e3db6985dfed987fe63b8363fd24759d25e554743c25f0d,a7fbb69e0295c35d27de8cdf710cd54a7333e87d81d30f5d9bc9c918fa4334b8,cbdd4e3124bd56a8fa8ed9dd885ce6fa096287094dca0c301adb5acd858d3d55,5639c79189c99a4ce72622378f07f5bc26e93ad368a010f00d48468f3884fec9,55ed65c56c91713d23e8402371c6c49a6fd84f257f7dce452e8d70e41dcbe152
train,euroc,MH_04_difficult,union_noweight,2,1002,ok,1,1.0,0.449583,0.066288,p35-stageb-970fcf0,970fcf041e20d2dd7b70e5349fd1a8fdd4359460,False,8751463d70ad68ca580dde66385962d46a532fe6869c6099fcf0d7245bd6cebc,229071fe5dbf11f4ed519f6d450edd848ae5579cdc6f1fec70f66c25eb4a3395,cbdd4e3124bd56a8fa8ed9dd885ce6fa096287094dca0c301adb5acd858d3d55,5639c79189c99a4ce72622378f07f5bc26e93ad368a010f00d48468f3884fec9,55ed65c56c91713d23e8402371c6c49a6fd84f257f7dce452e8d70e41dcbe152
train,euroc,MH_04_difficult,union_noweight,3,1003,ok,1,1.0,0.451399,0.065928,p35-stageb-970fcf0,970fcf041e20d2dd7b70e5349fd1a8fdd4359460,False,7a11ccc03cef0df3c100a80ec903aed2a50c93911e988284de3728b91c7142d9,096c5ea4448d1d53000354e4b4a76be0fb9762314dcd820d05988ff49cce4f4d,cbdd4e3124bd56a8fa8ed9dd885ce6fa096287094dca0c301adb5acd858d3d55,5639c79189c99a4ce72622378f07f5bc26e93ad368a010f00d48468f3884fec9,55ed65c56c91713d23e8402371c6c49a6fd84f257f7dce452e8d70e41dcbe152
train,euroc,MH_04_difficult,union_weight,1,1001,ok,1,1.0,0.462801,0.065883,p35-stageb-970fcf0,970fcf041e20d2dd7b70e5349fd1a8fdd4359460,False,a5df3e662dca208c79cbc56d4ef348ffdb04d52a3d54b199e4b6819eb1223139,e101feb614677da700ee30a154d7bd9a603286e740a3c12f50619d0f1a4d9e46,cbdd4e3124bd56a8fa8ed9dd885ce6fa096287094dca0c301adb5acd858d3d55,5639c79189c99a4ce72622378f07f5bc26e93ad368a010f00d48468f3884fec9,55ed65c56c91713d23e8402371c6c49a6fd84f257f7dce452e8d70e41dcbe152
train,euroc,MH_04_difficult,union_weight,2,1002,ok,1,1.0,0.433862,0.065584,p35-stageb-970fcf0,970fcf041e20d2dd7b70e5349fd1a8fdd4359460,False,34cf9e513b78fc871eef14c56a23dda5b5f548df59b782139a3037ac10ce522d,2b7ff408e5ac3b4d0d8ae90fcbff1d0bb1c0984b376c3b5d5e7f9d7f05e27da5,cbdd4e3124bd56a8fa8ed9dd885ce6fa096287094dca0c301adb5acd858d3d55,5639c79189c99a4ce72622378f07f5bc26e93ad368a010f00d48468f3884fec9,55ed65c56c91713d23e8402371c6c49a6fd84f257f7dce452e8d70e41dcbe152
train,euroc,MH_04_difficult,union_weight,3,1003,ok,1,1.0,0.462802,0.06588,p35-stageb-970fcf0,970fcf041e20d2dd7b70e5349fd1a8fdd4359460,False,519ff0e51e3a3925b5f5c1843e55bccca5ace7be8f3917e8b706185b9395b059,9bd6c6b8445a365d8235a5d9a7e17c1bdcd4c5358ef2b88a09e7681a7867e568,cbdd4e3124bd56a8fa8ed9dd885ce6fa096287094dca0c301adb5acd858d3d55,5639c79189c99a4ce72622378f07f5bc26e93ad368a010f00d48468f3884fec9,55ed65c56c91713d23e8402371c6c49a6fd84f257f7dce452e8d70e41dcbe152
train,euroc,MH_04_difficult,union_weight,4,1004,ok,1,1.0,0.462762,0.065883,p35-stageb-970fcf0,970fcf041e20d2dd7b70e5349fd1a8fdd4359460,False,8d9d018031887480731c33ed985eae153dcb02f75e0508a90da980ca5da9ad6e,80f5b38e11b37d108364fd3c9f12ccffec0d9e3f251b2391130b88d40c792b82,cbdd4e3124bd56a8fa8ed9dd885ce6fa096287094dca0c301adb5acd858d3d55,5639c79189c99a4ce72622378f07f5bc26e93ad368a010f00d48468f3884fec9,55ed65c56c91713d23e8402371c6c49a6fd84f257f7dce452e8d70e41dcbe152
train,euroc,MH_04_difficult,union_weight,5,1005,ok,1,1.0,0.462337,0.065908,p35-stageb-970fcf0,970fcf041e20d2dd7b70e5349fd1a8fdd4359460,False,cbf1a41e1a95d69ac0c995153639cdbe7f98758277f86d56a606f64f755bad5f,4e23aadd6004a4994182e7886b878048c65f7eb45bcf9f0789746b5e83f8b3eb,cbdd4e3124bd56a8fa8ed9dd885ce6fa096287094dca0c301adb5acd858d3d55,5639c79189c99a4ce72622378f07f5bc26e93ad368a010f00d48468f3884fec9,55ed65c56c91713d23e8402371c6c49a6fd84f257f7dce452e8d70e41dcbe152
train,viode,city_day_2_mid,adaptive_arbitration,1,1001,ok,1,0.9835168922243608,0.163694,0.029024,p35-stageb-970fcf0,970fcf041e20d2dd7b70e5349fd1a8fdd4359460,False,72b7bf090b0c2b8f6e2f55032647526dc78a9d7c2ab724a172dd5173d32889ae,e2b43acf40103fb88092e2180a50a7a67fc289d9e70286c0ca8c6c3a79b23683,941c99688d5f8adde8f793c3ae1edc962defde69ee35dd6f5358aac3ea566af9,976ff0ed6d1463c5f163ef2bfb83e4dcd6404281cab327fb223f7c702e61b569,55ed65c56c91713d23e8402371c6c49a6fd84f257f7dce452e8d70e41dcbe152
train,viode,city_day_2_mid,adaptive_arbitration,2,1002,ok,1,0.9835168922243608,0.183053,0.030529,p35-stageb-970fcf0,970fcf041e20d2dd7b70e5349fd1a8fdd4359460,False,5fcaba10d73dae40d27f8b0f6b53628843870e3260955647011dfb31369d025d,bc54d489d36d5d0b8122287f6243e93e0bd5edd0ec3f845f3ef4f1d58437c5f3,941c99688d5f8adde8f793c3ae1edc962defde69ee35dd6f5358aac3ea566af9,976ff0ed6d1463c5f163ef2bfb83e4dcd6404281cab327fb223f7c702e61b569,55ed65c56c91713d23e8402371c6c49a6fd84f257f7dce452e8d70e41dcbe152
train,viode,city_day_2_mid,adaptive_arbitration,3,1003,ok,1,0.9835168922243608,0.163388,0.029004,p35-stageb-970fcf0,970fcf041e20d2dd7b70e5349fd1a8fdd4359460,False,bea648a5d70030870555d3e919f14cee3f30850b9f55476e1109c2c41ce79f0d,f40257fa7831dc916b60e61062d48992ea93549703fb75cbcbf0d7bcc0a28a5b,941c99688d5f8adde8f793c3ae1edc962defde69ee35dd6f5358aac3ea566af9,976ff0ed6d1463c5f163ef2bfb83e4dcd6404281cab327fb223f7c702e61b569,55ed65c56c91713d23e8402371c6c49a6fd84f257f7dce452e8d70e41dcbe152
train,viode,city_day_2_mid,adaptive_arbitration_v2,1,1001,ok,1,0.9835168922243608,0.152882,0.028711,p35-stageb-970fcf0,970fcf041e20d2dd7b70e5349fd1a8fdd4359460,False,6014f2ee1d3f187305a8a58540f4260b5688a976f34c2eb31b54797739ad08e2,6aa1118c8016047b2def11c4ed788194792398ed9e06760bacd5cd61ab13bf13,941c99688d5f8adde8f793c3ae1edc962defde69ee35dd6f5358aac3ea566af9,976ff0ed6d1463c5f163ef2bfb83e4dcd6404281cab327fb223f7c702e61b569,55ed65c56c91713d23e8402371c6c49a6fd84f257f7dce452e8d70e41dcbe152
train,viode,city_day_2_mid,adaptive_arbitration_v2,2,1002,ok,1,0.9835168922243608,0.164198,0.027404,p35-stageb-970fcf0,970fcf041e20d2dd7b70e5349fd1a8fdd4359460,False,7d20a508a0fd67aea8be1fe87688b71b02b86901bd981a4b3f23fed817b10187,9dd81c9c982a1adcdefd1d51b5d520e5601987d54a9831d7193bdb781d0d33a4,941c99688d5f8adde8f793c3ae1edc962defde69ee35dd6f5358aac3ea566af9,976ff0ed6d1463c5f163ef2bfb83e4dcd6404281cab327fb223f7c702e61b569,55ed65c56c91713d23e8402371c6c49a6fd84f257f7dce452e8d70e41dcbe152
train,viode,city_day_2_mid,adaptive_arbitration_v2,3,1003,ok,1,0.9835168922243608,0.189249,0.028556,p35-stageb-970fcf0,970fcf041e20d2dd7b70e5349fd1a8fdd4359460,False,0512f2fe5a462f6a696d546f5cdf424e7ff518239b8ebcadb60e7c3f30d80edf,ea9fd525986e4f1f887e155f3570b722ea63810d2347952d03fff4d9dcb77942,941c99688d5f8adde8f793c3ae1edc962defde69ee35dd6f5358aac3ea566af9,976ff0ed6d1463c5f163ef2bfb83e4dcd6404281cab327fb223f7c702e61b569,55ed65c56c91713d23e8402371c6c49a6fd84f257f7dce452e8d70e41dcbe152
train,viode,city_day_2_mid,adaptive_arbitration_v2,4,1004,ok,1,0.9835168922243608,0.151841,0.028736,p35-stageb-970fcf0,970fcf041e20d2dd7b70e5349fd1a8fdd4359460,False,1b900ad3aef931e573c45756edbc583f385b6dd30c7291eb103353e5830aedbf,acf4fd613c4a0066add5c307a6efcf1c79baa0e585ba6d008e80dd29aa517f01,941c99688d5f8adde8f793c3ae1edc962defde69ee35dd6f5358aac3ea566af9,976ff0ed6d1463c5f163ef2bfb83e4dcd6404281cab327fb223f7c702e61b569,55ed65c56c91713d23e8402371c6c49a6fd84f257f7dce452e8d70e41dcbe152
train,viode,city_day_2_mid,adaptive_arbitration_v2,5,1005,ok,1,0.9835168922243608,0.198475,0.032418,p35-stageb-970fcf0,970fcf041e20d2dd7b70e5349fd1a8fdd4359460,False,bc90630cd166452894ea2e5999f0529f4f078ac4b7714859b5f5d34ca0651a8a,869188eff85716b332be853303b6119b305f988c916f702b8b891dc52d62a6de,941c99688d5f8adde8f793c3ae1edc962defde69ee35dd6f5358aac3ea566af9,976ff0ed6d1463c5f163ef2bfb83e4dcd6404281cab327fb223f7c702e61b569,55ed65c56c91713d23e8402371c6c49a6fd84f257f7dce452e8d70e41dcbe152
train,viode,city_day_2_mid,baseline,1,1001,ok,1,0.9835168922243608,0.17379,0.033023,p35-stageb-970fcf0,970fcf041e20d2dd7b70e5349fd1a8fdd4359460,False,3d0ca8daa8b39715cc836c9ee5d70495ab1ad7d3488ca8e1bbc13fdb7edcc9ce,f5d477649662e5d06468b4bbc3b972beed07c989257a92a0585505975fe1aa1c,941c99688d5f8adde8f793c3ae1edc962defde69ee35dd6f5358aac3ea566af9,976ff0ed6d1463c5f163ef2bfb83e4dcd6404281cab327fb223f7c702e61b569,55ed65c56c91713d23e8402371c6c49a6fd84f257f7dce452e8d70e41dcbe152
train,viode,city_day_2_mid,baseline,2,1002,ok,1,0.9835168922243608,0.173742,0.033028,p35-stageb-970fcf0,970fcf041e20d2dd7b70e5349fd1a8fdd4359460,False,18aa22a14f63be8df83e2bab20bca735fede5163c27940c2cd328e7c7cb7b361,959c7fcb7c1a9b991196f97c91d18572cc10819836133c199fa9f3464789a040,941c99688d5f8adde8f793c3ae1edc962defde69ee35dd6f5358aac3ea566af9,976ff0ed6d1463c5f163ef2bfb83e4dcd6404281cab327fb223f7c702e61b569,55ed65c56c91713d23e8402371c6c49a6fd84f257f7dce452e8d70e41dcbe152
train,viode,city_day_2_mid,baseline,3,1003,ok,1,0.9774911744910301,0.170151,0.02703,p35-stageb-970fcf0,970fcf041e20d2dd7b70e5349fd1a8fdd4359460,False,ff760a8cd69f880e080b3541a11c94412a8abcb23dcf8caba0a870544023fde7,e26f8e0512b1ae5cb8147c4e6fea68c137e180704f709d94bb793c14699923e9,941c99688d5f8adde8f793c3ae1edc962defde69ee35dd6f5358aac3ea566af9,976ff0ed6d1463c5f163ef2bfb83e4dcd6404281cab327fb223f7c702e61b569,55ed65c56c91713d23e8402371c6c49a6fd84f257f7dce452e8d70e41dcbe152
train,viode,city_day_2_mid,geodf,1,1001,ok,1,0.9835168922243608,0.165532,0.02992,p35-stageb-970fcf0,970fcf041e20d2dd7b70e5349fd1a8fdd4359460,False,997bd8b3a9ff0ed0e8a7e12f7d1b4c7d4d83ed599b13daac9128aaea1954249b,69cb537469d60db2a39cabed90089c436ac32a927e6fda319ca3827951a72349,941c99688d5f8adde8f793c3ae1edc962defde69ee35dd6f5358aac3ea566af9,976ff0ed6d1463c5f163ef2bfb83e4dcd6404281cab327fb223f7c702e61b569,55ed65c56c91713d23e8402371c6c49a6fd84f257f7dce452e8d70e41dcbe152
train,viode,city_day_2_mid,geodf,2,1002,ok,1,0.9835168922243608,0.165531,0.029919,p35-stageb-970fcf0,970fcf041e20d2dd7b70e5349fd1a8fdd4359460,False,fa2376102a15a0ced48678976173e834ea58466d0d9448ba370bd3c61dd790d2,b9fd8187f44be4867eb54abcf3b94dc4d5e6713126fdbc50531f28747f922039,941c99688d5f8adde8f793c3ae1edc962defde69ee35dd6f5358aac3ea566af9,976ff0ed6d1463c5f163ef2bfb83e4dcd6404281cab327fb223f7c702e61b569,55ed65c56c91713d23e8402371c6c49a6fd84f257f7dce452e8d70e41dcbe152
train,viode,city_day_2_mid,geodf,3,1003,ok,1,0.9835168922243608,0.165578,0.029914,p35-stageb-970fcf0,970fcf041e20d2dd7b70e5349fd1a8fdd4359460,False,45d2dccda5e9aa88d47d4347663936efc6df91283bfcc20590c5ad28b643c02e,fe26f6c92a8d8619e289fac5e5b1d8335d0a22770c5ae71e406e3cf814aeb5e0,941c99688d5f8adde8f793c3ae1edc962defde69ee35dd6f5358aac3ea566af9,976ff0ed6d1463c5f163ef2bfb83e4dcd6404281cab327fb223f7c702e61b569,55ed65c56c91713d23e8402371c6c49a6fd84f257f7dce452e8d70e41dcbe152
train,viode,city_day_2_mid,semantic,1,1001,ok,1,0.9835168922243608,0.144854,0.09814,p35-stageb-970fcf0,970fcf041e20d2dd7b70e5349fd1a8fdd4359460,False,e789cd76fe69e68e94e1dd16593b8b34beaffaa34b0115246ccd91fb81a9d5f0,2d953f6a095d36ca31d361a49c56ef7db618850e4e6e05b5c9a24e8f47e1332b,941c99688d5f8adde8f793c3ae1edc962defde69ee35dd6f5358aac3ea566af9,976ff0ed6d1463c5f163ef2bfb83e4dcd6404281cab327fb223f7c702e61b569,55ed65c56c91713d23e8402371c6c49a6fd84f257f7dce452e8d70e41dcbe152
train,viode,city_day_2_mid,semantic,2,1002,ok,1,0.9835168922243608,0.14487,0.098139,p35-stageb-970fcf0,970fcf041e20d2dd7b70e5349fd1a8fdd4359460,False,7c0c2aa56dea87e8a0db40ece1f384166a041b38770c025fd92936c5de1ee15b,c900ac0eec3215f946c76a008e2c3389fdda3d7ea98b57b360247318ffc67e4a,941c99688d5f8adde8f793c3ae1edc962defde69ee35dd6f5358aac3ea566af9,976ff0ed6d1463c5f163ef2bfb83e4dcd6404281cab327fb223f7c702e61b569,55ed65c56c91713d23e8402371c6c49a6fd84f257f7dce452e8d70e41dcbe152
train,viode,city_day_2_mid,semantic,3,1003,ok,1,0.9835168922243608,0.144851,0.098141,p35-stageb-970fcf0,970fcf041e20d2dd7b70e5349fd1a8fdd4359460,False,ca45a860ad6e88b763f30b99b7a7c6cbd3c89a7282763ff3605a4079e8adaa8c,d184de2d213c4c77af786e85e37aa62fe3f065d836aba9036d5a05bfc1f83dd3,941c99688d5f8adde8f793c3ae1edc962defde69ee35dd6f5358aac3ea566af9,976ff0ed6d1463c5f163ef2bfb83e4dcd6404281cab327fb223f7c702e61b569,55ed65c56c91713d23e8402371c6c49a6fd84f257f7dce452e8d70e41dcbe152
train,viode,city_day_2_mid,union_noweight,1,1001,ok,1,0.9835168922243608,0.144574,0.053861,p35-stageb-970fcf0,970fcf041e20d2dd7b70e5349fd1a8fdd4359460,False,b5b8f33cba7c6271acf4e77414b7fea4017d5d3d3f38dd9a457b2e6d5c38ff45,c8de27c86f28d6f123f6bec8b42579f7e14c49f7c0785dcc3d7ee794a9eda8ec,941c99688d5f8adde8f793c3ae1edc962defde69ee35dd6f5358aac3ea566af9,976ff0ed6d1463c5f163ef2bfb83e4dcd6404281cab327fb223f7c702e61b569,55ed65c56c91713d23e8402371c6c49a6fd84f257f7dce452e8d70e41dcbe152
train,viode,city_day_2_mid,union_noweight,2,1002,ok,1,0.9835168922243608,0.152323,0.054028,p35-stageb-970fcf0,970fcf041e20d2dd7b70e5349fd1a8fdd4359460,False,86c70205615427d513bcdd71507f514d6b23859fca020873159aa0a747b2c063,7a48a722dc459c155c668daa7d042a6a817933c9d5ca5600bfeb3d01c726021a,941c99688d5f8adde8f793c3ae1edc962defde69ee35dd6f5358aac3ea566af9,976ff0ed6d1463c5f163ef2bfb83e4dcd6404281cab327fb223f7c702e61b569,55ed65c56c91713d23e8402371c6c49a6fd84f257f7dce452e8d70e41dcbe152
train,viode,city_day_2_mid,union_noweight,3,1003,ok,1,0.9835168922243608,0.144625,0.053861,p35-stageb-970fcf0,970fcf041e20d2dd7b70e5349fd1a8fdd4359460,False,17cf29d2e0c362d8d345a7d772568db4a147a4318de4abe350f5ce7dd6c526a5,7d71bc0d6dbaf3307366bd5bc413080cd3950c8886b808016dfed159b6df51ab,941c99688d5f8adde8f793c3ae1edc962defde69ee35dd6f5358aac3ea566af9,976ff0ed6d1463c5f163ef2bfb83e4dcd6404281cab327fb223f7c702e61b569,55ed65c56c91713d23e8402371c6c49a6fd84f257f7dce452e8d70e41dcbe152
train,viode,city_day_2_mid,union_weight,1,1001,ok,1,0.9835168922243608,0.178985,0.030249,p35-stageb-970fcf0,970fcf041e20d2dd7b70e5349fd1a8fdd4359460,False,15ac41ca06e2f52bc5d16f8ea3d49a8e473a408ba0f76efb593082e03ad5065e,c5b9d7fee00029eeabb71cb74922d424ceede94ae5aa6119541452141d0de9c5,941c99688d5f8adde8f793c3ae1edc962defde69ee35dd6f5358aac3ea566af9,976ff0ed6d1463c5f163ef2bfb83e4dcd6404281cab327fb223f7c702e61b569,55ed65c56c91713d23e8402371c6c49a6fd84f257f7dce452e8d70e41dcbe152
train,viode,city_day_2_mid,union_weight,2,1002,ok,1,0.9835168922243608,0.155789,0.027919,p35-stageb-970fcf0,970fcf041e20d2dd7b70e5349fd1a8fdd4359460,False,87bdcad08078c58d4d6b21c8e15b175cadac779d53af543feabd329ebe883f93,ec6e78e760814dec2030e9303cb7fda0be568d824d432dcf1c30221fbf13f432,941c99688d5f8adde8f793c3ae1edc962defde69ee35dd6f5358aac3ea566af9,976ff0ed6d1463c5f163ef2bfb83e4dcd6404281cab327fb223f7c702e61b569,55ed65c56c91713d23e8402371c6c49a6fd84f257f7dce452e8d70e41dcbe152
train,viode,city_day_2_mid,union_weight,3,1003,ok,1,0.9835168922243608,0.163851,0.027434,p35-stageb-970fcf0,970fcf041e20d2dd7b70e5349fd1a8fdd4359460,False,f6e240b865c064c5a6d3bbbe1f14b87afec92968914570a02de64db365c3f252,00b19448ef56aad86e8ac8be09f79eb8e39dfca5bcb19ca9d4a3d56b34095041,941c99688d5f8adde8f793c3ae1edc962defde69ee35dd6f5358aac3ea566af9,976ff0ed6d1463c5f163ef2bfb83e4dcd6404281cab327fb223f7c702e61b569,55ed65c56c91713d23e8402371c6c49a6fd84f257f7dce452e8d70e41dcbe152
train,viode,city_day_2_mid,union_weight,4,1004,ok,1,0.9835168922243608,0.160656,0.027997,p35-stageb-970fcf0,970fcf041e20d2dd7b70e5349fd1a8fdd4359460,False,4509effde83f0433f837b9fe2c7b68edb78c136568c7a2063c0d2982bcbf6636,351efaad21676356cf6d5590d49b05cf882f974eeb0efb76761264d0a2b68251,941c99688d5f8adde8f793c3ae1edc962defde69ee35dd6f5358aac3ea566af9,976ff0ed6d1463c5f163ef2bfb83e4dcd6404281cab327fb223f7c702e61b569,55ed65c56c91713d23e8402371c6c49a6fd84f257f7dce452e8d70e41dcbe152
train,viode,city_day_2_mid,union_weight,5,1005,ok,1,0.9835168922243608,0.158836,0.028489,p35-stageb-970fcf0,970fcf041e20d2dd7b70e5349fd1a8fdd4359460,False,053b96a2b9b3ddfc4a62bcb997411c80ffe3a9883bc8dba9d920c629a294f228,cd37b18420c96752def89306bbeb4d04ac84a732cc20db0fbaed7c587edf6bce,941c99688d5f8adde8f793c3ae1edc962defde69ee35dd6f5358aac3ea566af9,976ff0ed6d1463c5f163ef2bfb83e4dcd6404281cab327fb223f7c702e61b569,55ed65c56c91713d23e8402371c6c49a6fd84f257f7dce452e8d70e41dcbe152
train,viode,city_day_3_high,adaptive_arbitration,1,1001,ok,1,0.9835168922243608,0.260349,0.074855,p35-stageb-970fcf0,970fcf041e20d2dd7b70e5349fd1a8fdd4359460,False,6ec39e28851b31219cea77bed082bc907a44760d2f5f29de55c4932654f796df,ea3dfd323562ffb25ae0cbaac263208f22847c3a1fd455f4b5c41b663964cc86,f9a125508f42574ec20c9d3ae883f0ce73665469787cca403f5576db78e62d4b,976ff0ed6d1463c5f163ef2bfb83e4dcd6404281cab327fb223f7c702e61b569,55ed65c56c91713d23e8402371c6c49a6fd84f257f7dce452e8d70e41dcbe152
train,viode,city_day_3_high,adaptive_arbitration,2,1002,ok,1,0.9835168922243608,0.262629,0.074631,p35-stageb-970fcf0,970fcf041e20d2dd7b70e5349fd1a8fdd4359460,False,a2b57a48f93dae4e12d40741bd1b5c6047625002a9aa64367b2b382d3db31408,5233bd40ce78e50a78fc13cfc755a31aca19338a28182a30d513fd1a25a9e5fa,f9a125508f42574ec20c9d3ae883f0ce73665469787cca403f5576db78e62d4b,976ff0ed6d1463c5f163ef2bfb83e4dcd6404281cab327fb223f7c702e61b569,55ed65c56c91713d23e8402371c6c49a6fd84f257f7dce452e8d70e41dcbe152
train,viode,city_day_3_high,adaptive_arbitration,3,1003,ok,1,0.9835168922243608,0.277525,0.080424,p35-stageb-970fcf0,970fcf041e20d2dd7b70e5349fd1a8fdd4359460,False,fda270e749cd3de6d6a63ddb015283d76b20fd2a519611b4cfede2c64d891007,9e1318b7248c4fee0421003e035775ce5acea6e83910cae00bede17aae5cc855,f9a125508f42574ec20c9d3ae883f0ce73665469787cca403f5576db78e62d4b,976ff0ed6d1463c5f163ef2bfb83e4dcd6404281cab327fb223f7c702e61b569,55ed65c56c91713d23e8402371c6c49a6fd84f257f7dce452e8d70e41dcbe152
train,viode,city_day_3_high,adaptive_arbitration_v2,1,1001,ok,1,0.9835168922243608,0.285449,0.082575,p35-stageb-970fcf0,970fcf041e20d2dd7b70e5349fd1a8fdd4359460,False,ed9d3462fef6b88a97c5f3fe7d6f370d2c76308be4cc36e15c194053ead5998b,8bb41e2d1d07db562d85642882b92879c46fad606edc83fa5a83691c7a562f35,f9a125508f42574ec20c9d3ae883f0ce73665469787cca403f5576db78e62d4b,976ff0ed6d1463c5f163ef2bfb83e4dcd6404281cab327fb223f7c702e61b569,55ed65c56c91713d23e8402371c6c49a6fd84f257f7dce452e8d70e41dcbe152
train,viode,city_day_3_high,adaptive_arbitration_v2,2,1002,ok,1,0.9835168922243608,0.193402,0.077846,p35-stageb-970fcf0,970fcf041e20d2dd7b70e5349fd1a8fdd4359460,False,d40f03a3d09e827fb5c12a581eb8ca949356c060a0503110169d91d95efeb5d7,0cf4cde6070e43f39b94a1ca22b9600766f348a7bebfd089e349eeda69624a47,f9a125508f42574ec20c9d3ae883f0ce73665469787cca403f5576db78e62d4b,976ff0ed6d1463c5f163ef2bfb83e4dcd6404281cab327fb223f7c702e61b569,55ed65c56c91713d23e8402371c6c49a6fd84f257f7dce452e8d70e41dcbe152
train,viode,city_day_3_high,adaptive_arbitration_v2,3,1003,ok,1,0.9835168922243608,0.237225,0.082321,p35-stageb-970fcf0,970fcf041e20d2dd7b70e5349fd1a8fdd4359460,False,e3ca5719c81a1e480034d31184d5a4e37a291f5db625028b30e7e3baa8a32a98,57f99fffe1683d1c443daacc730426886a5bb91b054633b395b296cfb79b898c,f9a125508f42574ec20c9d3ae883f0ce73665469787cca403f5576db78e62d4b,976ff0ed6d1463c5f163ef2bfb83e4dcd6404281cab327fb223f7c702e61b569,55ed65c56c91713d23e8402371c6c49a6fd84f257f7dce452e8d70e41dcbe152
train,viode,city_day_3_high,adaptive_arbitration_v2,4,1004,ok,1,0.9835168922243608,0.196923,0.077757,p35-stageb-970fcf0,970fcf041e20d2dd7b70e5349fd1a8fdd4359460,False,b74932db5ad8257d7a4e7c0ed425adfe80d2634875f29e74ad6c80598e07a96a,c3e5d877ff8287599b04e88e6b1fe03aca3ab510065d58f49ed826712f2b851d,f9a125508f42574ec20c9d3ae883f0ce73665469787cca403f5576db78e62d4b,976ff0ed6d1463c5f163ef2bfb83e4dcd6404281cab327fb223f7c702e61b569,55ed65c56c91713d23e8402371c6c49a6fd84f257f7dce452e8d70e41dcbe152
train,viode,city_day_3_high,adaptive_arbitration_v2,5,1005,ok,1,0.9835168922243608,0.219049,0.080841,p35-stageb-970fcf0,970fcf041e20d2dd7b70e5349fd1a8fdd4359460,False,69786628b9b90e0e8d7d7869365b54b7b9bc598d89960eadac6d8fe6b504185a,90db181b3c62b901e8172ade36ca1f66c2f491c5c11ade87bc3a29b335e288b9,f9a125508f42574ec20c9d3ae883f0ce73665469787cca403f5576db78e62d4b,976ff0ed6d1463c5f163ef2bfb83e4dcd6404281cab327fb223f7c702e61b569,55ed65c56c91713d23e8402371c6c49a6fd84f257f7dce452e8d70e41dcbe152
train,viode,city_day_3_high,baseline,1,1001,ok,1,0.9835168922243608,0.352751,0.095065,p35-stageb-970fcf0,970fcf041e20d2dd7b70e5349fd1a8fdd4359460,False,61b03ce7e4dc6cd747369460c3e6ed5f11145699cb2e4c24536df3c71475a50c,a1f7427b6719ce4a8cc128b0a874e6e2ecd203691f7c6f42c9a4d2265b8a93ca,f9a125508f42574ec20c9d3ae883f0ce73665469787cca403f5576db78e62d4b,976ff0ed6d1463c5f163ef2bfb83e4dcd6404281cab327fb223f7c702e61b569,55ed65c56c91713d23e8402371c6c49a6fd84f257f7dce452e8d70e41dcbe152
train,viode,city_day_3_high,baseline,2,1002,ok,1,0.9835168922243608,0.352669,0.094979,p35-stageb-970fcf0,970fcf041e20d2dd7b70e5349fd1a8fdd4359460,False,c74027e84a4b095e6f0104bbe0708dd525cf2eb018eb3eeb48713fdfb4fec03b,4b21f61d3fd6583697fc75216d1616388d55b16a5b443e0e71541d8556076d2e,f9a125508f42574ec20c9d3ae883f0ce73665469787cca403f5576db78e62d4b,976ff0ed6d1463c5f163ef2bfb83e4dcd6404281cab327fb223f7c702e61b569,55ed65c56c91713d23e8402371c6c49a6fd84f257f7dce452e8d70e41dcbe152
train,viode,city_day_3_high,baseline,3,1003,ok,1,0.9835168922243608,0.352502,0.095063,p35-stageb-970fcf0,970fcf041e20d2dd7b70e5349fd1a8fdd4359460,False,1c5b19c0e15c74684738ea1d36c10516e2851ea725787df6563368938f81c1f4,101a9afa234a6a95522a728bcdb6006abe753aaa597f23b5a32d9253b9a8cbda,f9a125508f42574ec20c9d3ae883f0ce73665469787cca403f5576db78e62d4b,976ff0ed6d1463c5f163ef2bfb83e4dcd6404281cab327fb223f7c702e61b569,55ed65c56c91713d23e8402371c6c49a6fd84f257f7dce452e8d70e41dcbe152
train,viode,city_day_3_high,geodf,1,1001,ok,1,0.9835168922243608,0.312019,0.116117,p35-stageb-970fcf0,970fcf041e20d2dd7b70e5349fd1a8fdd4359460,False,a47795e9b56a64833d51aca5f0671d771bb926eaa8f9ae3c04e55c1f68e62077,e51821e789de8e57f30ec226e164d83c3f54989545a6edf09a900ed9fba39efc,f9a125508f42574ec20c9d3ae883f0ce73665469787cca403f5576db78e62d4b,976ff0ed6d1463c5f163ef2bfb83e4dcd6404281cab327fb223f7c702e61b569,55ed65c56c91713d23e8402371c6c49a6fd84f257f7dce452e8d70e41dcbe152
train,viode,city_day_3_high,geodf,2,1002,ok,1,0.9835168922243608,0.311564,0.115904,p35-stageb-970fcf0,970fcf041e20d2dd7b70e5349fd1a8fdd4359460,False,ea277e6eb8d8c3ce527f3ddba876a43c4bb328bed3d5f5fedcdbc91d1062fada,4fca279ad996b0319e069ce6c2c4f0597f228025f883af8b33dc0f90285545e5,f9a125508f42574ec20c9d3ae883f0ce73665469787cca403f5576db78e62d4b,976ff0ed6d1463c5f163ef2bfb83e4dcd6404281cab327fb223f7c702e61b569,55ed65c56c91713d23e8402371c6c49a6fd84f257f7dce452e8d70e41dcbe152
train,viode,city_day_3_high,geodf,3,1003,ok,1,0.9835168922243608,0.312067,0.116117,p35-stageb-970fcf0,970fcf041e20d2dd7b70e5349fd1a8fdd4359460,False,f3ec47601c07821331d4b473392dc6ebfd09c801c8de542e7cf6b3c6bc76745d,b18ddc3619daa9a5aebc070a9b54e3cbc6d6564d5744e81a38ffe7158090e1b9,f9a125508f42574ec20c9d3ae883f0ce73665469787cca403f5576db78e62d4b,976ff0ed6d1463c5f163ef2bfb83e4dcd6404281cab327fb223f7c702e61b569,55ed65c56c91713d23e8402371c6c49a6fd84f257f7dce452e8d70e41dcbe152
train,viode,city_day_3_high,semantic,1,1001,ok,1,0.9835168922243608,0.239989,0.098597,p35-stageb-970fcf0,970fcf041e20d2dd7b70e5349fd1a8fdd4359460,False,e3ffa1a8bc669abcb208e84d5ee127f8263428356ee21c637e32d09afb8b9c51,dcd269026398df72940d238dd7b34a483d3884d122af4b87295d9a816756d138,f9a125508f42574ec20c9d3ae883f0ce73665469787cca403f5576db78e62d4b,976ff0ed6d1463c5f163ef2bfb83e4dcd6404281cab327fb223f7c702e61b569,55ed65c56c91713d23e8402371c6c49a6fd84f257f7dce452e8d70e41dcbe152
train,viode,city_day_3_high,semantic,2,1002,ok,1,0.9835168922243608,0.258681,0.07978,p35-stageb-970fcf0,970fcf041e20d2dd7b70e5349fd1a8fdd4359460,False,3decc89fb1c36f31fec8abfd1bf30e42c4c18803f542574d96c8d24cf076b020,de78cb0d7d8179d48fa5ea2399a1fb96dfce25a00ed61c74c4b60b782647cccd,f9a125508f42574ec20c9d3ae883f0ce73665469787cca403f5576db78e62d4b,976ff0ed6d1463c5f163ef2bfb83e4dcd6404281cab327fb223f7c702e61b569,55ed65c56c91713d23e8402371c6c49a6fd84f257f7dce452e8d70e41dcbe152
train,viode,city_day_3_high,semantic,3,1003,ok,1,0.9835168922243608,0.281611,0.10077,p35-stageb-970fcf0,970fcf041e20d2dd7b70e5349fd1a8fdd4359460,False,0b8120ad1ef8256f42bf93d31d49225829f7285f275f93e91931ff6e6f5dbb61,0c0cffddb7613a4a938d54942db4d4a087ee70111d498f680b45fa05ae980f12,f9a125508f42574ec20c9d3ae883f0ce73665469787cca403f5576db78e62d4b,976ff0ed6d1463c5f163ef2bfb83e4dcd6404281cab327fb223f7c702e61b569,55ed65c56c91713d23e8402371c6c49a6fd84f257f7dce452e8d70e41dcbe152
train,viode,city_day_3_high,union_noweight,1,1001,ok,1,0.9835168922243608,0.232242,0.060882,p35-stageb-970fcf0,970fcf041e20d2dd7b70e5349fd1a8fdd4359460,False,7a2a23b8644c2aec8a510f18650afae53e2bfb583e93dfee7e512544c95ccde6,ee2255b7bad78226ba6cc0641ce7b2c455e1b78d9693b1f592c2f29ce87ef8d8,f9a125508f42574ec20c9d3ae883f0ce73665469787cca403f5576db78e62d4b,976ff0ed6d1463c5f163ef2bfb83e4dcd6404281cab327fb223f7c702e61b569,55ed65c56c91713d23e8402371c6c49a6fd84f257f7dce452e8d70e41dcbe152
train,viode,city_day_3_high,union_noweight,2,1002,ok,1,0.9835168922243608,0.288421,0.088177,p35-stageb-970fcf0,970fcf041e20d2dd7b70e5349fd1a8fdd4359460,False,4b2e03253d8e79da5bedc718e264b07467e5cf77e5973ceeecd78f080fa6bdbf,c6a69eb49770748538bfa714c027d96e86e05f9ff7962e74dc8d96ae39b31e28,f9a125508f42574ec20c9d3ae883f0ce73665469787cca403f5576db78e62d4b,976ff0ed6d1463c5f163ef2bfb83e4dcd6404281cab327fb223f7c702e61b569,55ed65c56c91713d23e8402371c6c49a6fd84f257f7dce452e8d70e41dcbe152
train,viode,city_day_3_high,union_noweight,3,1003,ok,1,0.9835168922243608,0.232244,0.060882,p35-stageb-970fcf0,970fcf041e20d2dd7b70e5349fd1a8fdd4359460,False,f8beded4f00cb3b65e4170b821b7af81b0278c08ab3ccfb98fa05659ee54cc1a,2c4c14e93f3ecbfe466626d7a7397c45b5437e3442711e25b58e21ac4fb53459,f9a125508f42574ec20c9d3ae883f0ce73665469787cca403f5576db78e62d4b,976ff0ed6d1463c5f163ef2bfb83e4dcd6404281cab327fb223f7c702e61b569,55ed65c56c91713d23e8402371c6c49a6fd84f257f7dce452e8d70e41dcbe152
train,viode,city_day_3_high,union_weight,1,1001,ok,1,0.9835168922243608,0.252975,0.101813,p35-stageb-970fcf0,970fcf041e20d2dd7b70e5349fd1a8fdd4359460,False,d94fe66a7363fe97f1b567bffd37d511a102af35191f990f4576063b71e952aa,2f7720a200275bf5fe154ec452fae228db42401f5e9d3d45db8be9a4022d732e,f9a125508f42574ec20c9d3ae883f0ce73665469787cca403f5576db78e62d4b,976ff0ed6d1463c5f163ef2bfb83e4dcd6404281cab327fb223f7c702e61b569,55ed65c56c91713d23e8402371c6c49a6fd84f257f7dce452e8d70e41dcbe152
train,viode,city_day_3_high,union_weight,2,1002,ok,1,0.9835168922243608,0.239062,0.078792,p35-stageb-970fcf0,970fcf041e20d2dd7b70e5349fd1a8fdd4359460,False,bfa223c8d6068794b688e2e87a991f170f56ef0e136d808e78a77789c40ab138,50575af06380a0a7b51094094344c406f3a428aa54d554b6ba581f8b1ad5eed3,f9a125508f42574ec20c9d3ae883f0ce73665469787cca403f5576db78e62d4b,976ff0ed6d1463c5f163ef2bfb83e4dcd6404281cab327fb223f7c702e61b569,55ed65c56c91713d23e8402371c6c49a6fd84f257f7dce452e8d70e41dcbe152
train,viode,city_day_3_high,union_weight,3,1003,ok,1,0.9835168922243608,0.23935,0.078347,p35-stageb-970fcf0,970fcf041e20d2dd7b70e5349fd1a8fdd4359460,False,073c6a7e0fd7657f8e9a3e39f4247e0db072cf8f8ce0a3a8d941816550f3ecf6,a2255341cd7f7be80878c564e0666f2d588d1bd3de4aa522a957e138a92cd7c6,f9a125508f42574ec20c9d3ae883f0ce73665469787cca403f5576db78e62d4b,976ff0ed6d1463c5f163ef2bfb83e4dcd6404281cab327fb223f7c702e61b569,55ed65c56c91713d23e8402371c6c49a6fd84f257f7dce452e8d70e41dcbe152
train,viode,city_day_3_high,union_weight,4,1004,ok,1,0.9835168922243608,0.291195,0.101939,p35-stageb-970fcf0,970fcf041e20d2dd7b70e5349fd1a8fdd4359460,False,bca7ea53e46b5052f080d00de6528d12ce9f39c9f950978dd414c4429b65805c,2d955a0d4fde8e74898a67640cd4026ed1d75f5994d024d40c41da2785c73e49,f9a125508f42574ec20c9d3ae883f0ce73665469787cca403f5576db78e62d4b,976ff0ed6d1463c5f163ef2bfb83e4dcd6404281cab327fb223f7c702e61b569,55ed65c56c91713d23e8402371c6c49a6fd84f257f7dce452e8d70e41dcbe152
train,viode,city_day_3_high,union_weight,5,1005,ok,1,0.9835168922243608,0.29888,0.078052,p35-stageb-970fcf0,970fcf041e20d2dd7b70e5349fd1a8fdd4359460,False,584dd6710ec6ca0d6630a184590805c219ae3a1a3043e6055552602d4f8a5bda,aa477d3b5a3a9d86cf6868ed1d741fd64958a731b91408a2dcc33c7f3cded073,f9a125508f42574ec20c9d3ae883f0ce73665469787cca403f5576db78e62d4b,976ff0ed6d1463c5f163ef2bfb83e4dcd6404281cab327fb223f7c702e61b569,55ed65c56c91713d23e8402371c6c49a6fd84f257f7dce452e8d70e41dcbe152
